{"inputUnits":[63],"outputUnits":4,"inputs":{"0":{"dtype":"number","min":0.10986607521772385,"max":0.8714845180511475},"1":{"dtype":"number","min":0.2785491645336151,"max":0.842767059803009},"2":{"dtype":"number","min":-3.478012615687476e-7,"max":3.519176061672624e-7},"3":{"dtype":"number","min":0.10291998088359833,"max":0.831836462020874},"4":{"dtype":"number","min":0.2685818374156952,"max":0.8930230140686035},"5":{"dtype":"number","min":-0.05723825842142105,"max":-0.006974915973842144},"6":{"dtype":"number","min":0.09991183131933212,"max":0.8175844550132751},"7":{"dtype":"number","min":0.2106732428073883,"max":0.9278951287269592},"8":{"dtype":"number","min":-0.07825703918933868,"max":-0.01387325581163168},"9":{"dtype":"number","min":0.0994032770395279,"max":0.8312983512878418},"10":{"dtype":"number","min":0.18003325164318085,"max":0.9506058096885681},"11":{"dtype":"number","min":-0.09317094087600708,"max":-0.018402185291051865},"12":{"dtype":"number","min":0.10956156253814697,"max":0.8624724745750427},"13":{"dtype":"number","min":0.19011124968528748,"max":0.9494613409042358},"14":{"dtype":"number","min":-0.10570845752954483,"max":-0.022584497928619385},"15":{"dtype":"number","min":0.18884746730327606,"max":0.8263224363327026},"16":{"dtype":"number","min":0.2193879336118698,"max":0.834078848361969},"17":{"dtype":"number","min":-0.0339471809566021,"max":0.016980255022644997},"18":{"dtype":"number","min":0.15910054743289948,"max":0.8380951881408691},"19":{"dtype":"number","min":0.21661292016506195,"max":0.8476635217666626},"20":{"dtype":"number","min":-0.059166863560676575,"max":0.017346566542983055},"21":{"dtype":"number","min":0.12507465481758118,"max":0.850185215473175},"22":{"dtype":"number","min":0.16070851683616638,"max":0.9031204581260681},"23":{"dtype":"number","min":-0.07609386742115021,"max":0.007170437835156918},"24":{"dtype":"number","min":0.09948219358921051,"max":0.8746761083602905},"25":{"dtype":"number","min":0.11605395376682281,"max":0.9459760189056396},"26":{"dtype":"number","min":-0.09148639440536499,"max":-0.004091078881174326},"27":{"dtype":"number","min":0.18015755712985992,"max":0.8683786392211914},"28":{"dtype":"number","min":0.26669174432754517,"max":0.7919284701347351},"29":{"dtype":"number","min":-0.04018998518586159,"max":0.030194418504834175},"30":{"dtype":"number","min":0.15159577131271362,"max":0.887683629989624},"31":{"dtype":"number","min":0.24025684595108032,"max":0.837632954120636},"32":{"dtype":"number","min":-0.07882153242826462,"max":0.012739798985421658},"33":{"dtype":"number","min":0.13457830250263214,"max":0.8736324906349182},"34":{"dtype":"number","min":0.22967413067817688,"max":0.8962024450302124},"35":{"dtype":"number","min":-0.09255719929933548,"max":-0.007948636077344418},"36":{"dtype":"number","min":0.12580640614032745,"max":0.8568397164344788},"37":{"dtype":"number","min":0.23250854015350342,"max":0.9204148054122925},"38":{"dtype":"number","min":-0.09562710672616959,"max":-0.015427646227180958},"39":{"dtype":"number","min":0.150546133518219,"max":0.9052550196647644},"40":{"dtype":"number","min":0.2323857843875885,"max":0.8351415991783142},"41":{"dtype":"number","min":-0.047737251967191696,"max":0.04108710214495659},"42":{"dtype":"number","min":0.12174165993928909,"max":0.9137014746665955},"43":{"dtype":"number","min":0.22601720690727234,"max":0.8268513083457947},"44":{"dtype":"number","min":-0.08965157717466354,"max":0.02426057681441307},"45":{"dtype":"number","min":0.10901384800672531,"max":0.8888938426971436},"46":{"dtype":"number","min":0.2560410499572754,"max":0.8658820390701294},"47":{"dtype":"number","min":-0.08389317244291306,"max":0.0030250779818743467},"48":{"dtype":"number","min":0.09930907934904099,"max":0.8688414692878723},"49":{"dtype":"number","min":0.2701452672481537,"max":0.8793146014213562},"50":{"dtype":"number","min":-0.07329858094453812,"max":-0.004581331741064787},"51":{"dtype":"number","min":0.12669141590595245,"max":0.94066321849823},"52":{"dtype":"number","min":0.19871535897254944,"max":0.8820098638534546},"53":{"dtype":"number","min":-0.057148050516843796,"max":0.05251795053482056},"54":{"dtype":"number","min":0.10334960371255875,"max":0.9352218508720398},"55":{"dtype":"number","min":0.20659327507019043,"max":0.8697255849838257},"56":{"dtype":"number","min":-0.0828365758061409,"max":0.042446013540029526},"57":{"dtype":"number","min":0.09313258528709412,"max":0.9113592505455017},"58":{"dtype":"number","min":0.23548956215381622,"max":0.8423358798027039},"59":{"dtype":"number","min":-0.07820586115121841,"max":0.033013567328453064},"60":{"dtype":"number","min":0.09374027699232101,"max":0.8943041563034058},"61":{"dtype":"number","min":0.25254714488983154,"max":0.8327569961547852},"62":{"dtype":"number","min":-0.07156407833099365,"max":0.029276559129357338}},"outputs":{"label":{"dtype":"string","min":0,"max":1,"uniqueValues":["up","down","right","left"],"legend":{"up":[1,0,0,0],"down":[0,1,0,0],"right":[0,0,1,0],"left":[0,0,0,1]}}},"isNormalized":true}